<?xml version="1.0" encoding="UTF-8"?>
<changelog xmlns="http://www.omnigroup.com/namespace/OmniPlan/v2">
  <version>2.1</version>
  <task-change-set user="楼佳浩" date="2019-09-10T11:51:51.346Z" timestamp="2019-09-10T11:51:51.346Z">
    <change idref="t1" attribute="isGroup" type="real" from="0" to="1" resolved="yes"/>
    <change idref="t1" attribute="multiResourceWorkType" type="real" from="0" resolved="yes"/>
    <change idref="t1" attribute="isSplittableTask" type="real" from="1" resolved="yes"/>
    <change idref="t1" attribute="taskType" type="real" from="0" to="2" resolved="yes"/>
    <change idref="t1" attribute="title" type="string" from="Task 1" to="寝室管理系统" resolved="yes"/>
    <change idref="t1" attribute="resourceAssignmentType" type="real" from="0" resolved="yes"/>
    <change idref="t1" attribute="staticCost" type="real" from="0" resolved="yes"/>
    <change idref="t1" attribute="effort" type="real" from="28800" resolved="yes"/>
    <change idref="t1" attribute="isSplitChunk" type="real" from="0" resolved="yes"/>
    <change idref="t1" attribute="scheduleType" type="real" from="0" resolved="yes"/>
    <change idref="t1" attribute="internalAssignments" type="string" from="" resolved="yes"/>
    <change idref="t1" attribute="isSplitTask" type="real" from="0" resolved="yes"/>
    <change idref="t1" attribute="internalEffortDone" type="real" from="0" resolved="yes"/>
    <change idref="t6" to="t1" to-position="0" resolved="yes">
      <change idref="t6" attribute="isGroup" type="real" from="0" to="1"/>
      <change idref="t6" attribute="taskType" type="real" from="0" to="2"/>
      <change idref="t6" attribute="title" type="string" to="软件规划"/>
    </change>
    <change idref="t2" to="t1" to-position="1" resolved="yes">
      <change idref="t2" attribute="isGroup" type="real" from="0" to="1"/>
      <change idref="t2" attribute="taskType" type="real" from="0" to="2"/>
      <change idref="t2" attribute="title" type="string" to="需求开发"/>
    </change>
    <change idref="t3" to="t1" to-position="2" resolved="yes">
      <change idref="t3" attribute="isGroup" type="real" from="0" to="1"/>
      <change idref="t3" attribute="taskType" type="real" from="0" to="2"/>
      <change idref="t3" attribute="title" type="string" to="设计"/>
    </change>
    <change idref="t4" to="t1" to-position="3" resolved="yes">
      <change idref="t4" attribute="isGroup" type="real" from="0" to="1"/>
      <change idref="t4" attribute="taskType" type="real" from="0" to="2"/>
      <change idref="t4" attribute="title" type="string" to="实施"/>
    </change>
    <change idref="t16" to="t3" to-position="0" resolved="yes">
      <change idref="t16" attribute="title" type="string" to="概要设计"/>
    </change>
    <change idref="t17" to="t3" to-position="1" resolved="yes">
      <change idref="t17" attribute="title" type="string" to="数据库设计"/>
    </change>
    <change idref="t18" to="t3" to-position="2" resolved="yes">
      <change idref="t18" attribute="title" type="string" to="设计评审"/>
    </change>
    <change idref="t26" to="t4" to-position="0" resolved="yes">
      <change idref="t26" attribute="isGroup" type="real" from="0" to="1"/>
      <change idref="t26" attribute="taskType" type="real" from="0" to="2"/>
      <change idref="t26" attribute="title" type="string" to="权限管理"/>
    </change>
    <change idref="t25" to="t4" to-position="1" resolved="yes">
      <change idref="t25" attribute="isGroup" type="real" from="0" to="1"/>
      <change idref="t25" attribute="taskType" type="real" from="0" to="2"/>
      <change idref="t25" attribute="title" type="string" to="用户管理"/>
    </change>
    <change idref="t21" to="t4" to-position="2" resolved="yes">
      <change idref="t21" attribute="isGroup" type="real" from="0" to="1"/>
      <change idref="t21" attribute="taskType" type="real" from="0" to="2"/>
      <change idref="t21" attribute="title" type="string" to="寝室楼管理"/>
    </change>
    <change idref="t20" to="t4" to-position="3" resolved="yes">
      <change idref="t20" attribute="isGroup" type="real" from="0" to="1"/>
      <change idref="t20" attribute="taskType" type="real" from="0" to="2"/>
      <change idref="t20" attribute="title" type="string" to="学生信息管理"/>
    </change>
    <change idref="t32" to="t4" to-position="4" resolved="yes">
      <change idref="t32" attribute="isGroup" type="real" from="0" to="1"/>
      <change idref="t32" attribute="taskType" type="real" from="0" to="2"/>
      <change idref="t32" attribute="title" type="string" to="寝室管理"/>
    </change>
    <change idref="t33" to="t4" to-position="5" resolved="yes">
      <change idref="t33" attribute="isGroup" type="real" from="0" to="1"/>
      <change idref="t33" attribute="taskType" type="real" from="0" to="2"/>
      <change idref="t33" attribute="title" type="string" to="寝室物品管理"/>
    </change>
    <change idref="t9" to="t6" to-position="0" resolved="yes">
      <change idref="t9" attribute="title" type="string" to="计划审批"/>
    </change>
    <change idref="t35" to="t20" to-position="0" resolved="yes">
      <change idref="t35" attribute="title" type="string" to="关联学生与寝室"/>
    </change>
    <change idref="t36" to="t20" to-position="1" resolved="yes">
      <change idref="t36" attribute="title" type="string" to="获取学生基本信息"/>
    </change>
    <change idref="t37" to="t20" to-position="2" resolved="yes">
      <change idref="t37" attribute="title" type="string" to="管理学生与寝室的关联"/>
    </change>
    <change idref="t22" to="t21" to-position="0" resolved="yes">
      <change idref="t22" attribute="title" type="string" to="基本信息录入"/>
    </change>
    <change idref="t23" to="t21" to-position="1" resolved="yes">
      <change idref="t23" attribute="title" type="string" to="基本信息获取"/>
    </change>
    <change idref="t24" to="t21" to-position="2" resolved="yes">
      <change idref="t24" attribute="title" type="string" to="寝室楼查询"/>
    </change>
    <change idref="t42" to="t21" to-position="3" resolved="yes">
      <change idref="t42" attribute="title" type="string" to="基本信息修改"/>
    </change>
    <change idref="t28" to="t25" to-position="0" resolved="yes">
      <change idref="t28" attribute="title" type="string" to="添加管理员"/>
    </change>
    <change idref="t29" to="t25" to-position="1" resolved="yes">
      <change idref="t29" attribute="title" type="string" to="管理员登陆"/>
    </change>
    <change idref="t30" to="t25" to-position="2" resolved="yes">
      <change idref="t30" attribute="title" type="string" to="管理员信息修改"/>
    </change>
    <change idref="t27" to="t26" to-position="0" resolved="yes">
      <change idref="t27" attribute="title" type="string" to="接口权限"/>
    </change>
    <change idref="t38" to="t32" to-position="0" resolved="yes">
      <change idref="t38" attribute="title" type="string" to="基本信息录入"/>
    </change>
    <change idref="t39" to="t32" to-position="1" resolved="yes">
      <change idref="t39" attribute="title" type="string" to="基本信息获取"/>
    </change>
    <change idref="t40" to="t32" to-position="2" resolved="yes">
      <change idref="t40" attribute="title" type="string" to="寝室查询"/>
    </change>
    <change idref="t41" to="t32" to-position="3" resolved="yes">
      <change idref="t41" attribute="title" type="string" to="基本信息修改"/>
    </change>
    <change idref="t47" to="t33" to-position="0" resolved="yes">
      <change idref="t47" attribute="title" type="string" to="物品关联所有人"/>
    </change>
    <change idref="t43" to="t33" to-position="1" resolved="yes">
      <change idref="t43" attribute="title" type="string" to="寝室物品信息录入"/>
    </change>
    <change idref="t44" to="t33" to-position="2" resolved="yes">
      <change idref="t44" attribute="title" type="string" to="信息获取"/>
    </change>
    <change idref="t45" to="t33" to-position="3" resolved="yes">
      <change idref="t45" attribute="title" type="string" to="信息查询"/>
    </change>
    <change idref="t46" to="t33" to-position="4" resolved="yes">
      <change idref="t46" attribute="title" type="string" to="信息修改"/>
    </change>
    <change idref="t11" to="t2" to-position="0" resolved="yes">
      <change idref="t11" attribute="title" type="string" to="用户需求审批"/>
    </change>
    <change idref="t12" to="t2" to-position="1" resolved="yes">
      <change idref="t12" attribute="title" type="string" to="用户界面设计"/>
    </change>
    <change idref="t14" to="t2" to-position="2" resolved="yes">
      <change idref="t14" attribute="title" type="string" to="编写需求规划书"/>
    </change>
    <change idref="t15" to="t2" to-position="3" resolved="yes">
      <change idref="t15" attribute="title" type="string" to="需求验证"/>
    </change>
  </task-change-set>
  <metadata-change-set user="楼佳浩" date="2019-09-10T11:51:51.345Z" timestamp="2019-09-10T11:51:51.345Z">
    <change idref="m1" attribute="fixedDate" type="date" from="2007-01-01T20:00:00.000Z" to="2019-09-10T00:00:00.000Z" resolved="yes"/>
    <change idref="m1" attribute="currencyName" type="string" to="¥1,234.56" resolved="yes"/>
  </metadata-change-set>
</changelog>
